name,label
common-cuckoo/000001.jpg,common-cuckoo
common-cuckoo/000002.jpg,common-cuckoo
common-cuckoo/000003.jpg,common-cuckoo
common-cuckoo/000004.jpg,common-cuckoo
common-cuckoo/000005.jpg,common-cuckoo
common-cuckoo/000006.jpg,common-cuckoo
common-cuckoo/000007.jpg,common-cuckoo
common-cuckoo/000008.jpg,common-cuckoo
common-cuckoo/000009.jpg,common-cuckoo
common-cuckoo/000010.jpg,common-cuckoo
common-cuckoo/000011.jpg,common-cuckoo
common-cuckoo/000012.jpg,common-cuckoo
common-cuckoo/000013.jpg,common-cuckoo
common-cuckoo/000014.jpg,common-cuckoo
common-cuckoo/000015.jpg,common-cuckoo
common-cuckoo/000016.jpg,common-cuckoo
common-cuckoo/000017.jpg,common-cuckoo
common-cuckoo/000018.jpg,common-cuckoo
common-cuckoo/000019.jpg,common-cuckoo
common-cuckoo/000020.jpg,common-cuckoo
common-cuckoo/000021.jpg,common-cuckoo
common-cuckoo/000022.jpg,common-cuckoo
common-cuckoo/000023.jpg,common-cuckoo
common-cuckoo/000024.jpg,common-cuckoo
common-cuckoo/000025.jpg,common-cuckoo
common-cuckoo/000026.jpg,common-cuckoo
common-cuckoo/000027.jpg,common-cuckoo
common-cuckoo/000028.jpg,common-cuckoo
common-cuckoo/000029.jpg,common-cuckoo
common-cuckoo/000030.jpg,common-cuckoo
common-cuckoo/000031.jpg,common-cuckoo
common-cuckoo/000032.jpg,common-cuckoo
common-cuckoo/000033.jpg,common-cuckoo
common-cuckoo/000034.jpg,common-cuckoo
common-cuckoo/000035.jpg,common-cuckoo
common-cuckoo/000036.jpg,common-cuckoo
common-cuckoo/000037.jpg,common-cuckoo
common-cuckoo/000038.jpg,common-cuckoo
common-cuckoo/000039.jpg,common-cuckoo
common-cuckoo/000040.jpg,common-cuckoo
common-cuckoo/000041.jpg,common-cuckoo
common-cuckoo/000042.jpg,common-cuckoo
common-cuckoo/000043.jpg,common-cuckoo
common-cuckoo/000044.jpg,common-cuckoo
common-cuckoo/000045.jpg,common-cuckoo
common-cuckoo/000046.jpg,common-cuckoo
common-cuckoo/000047.jpg,common-cuckoo
common-cuckoo/000048.jpg,common-cuckoo
common-cuckoo/000049.jpg,common-cuckoo
common-cuckoo/000050.jpg,common-cuckoo
common-cuckoo/000051.jpg,common-cuckoo
common-cuckoo/000052.jpg,common-cuckoo
common-cuckoo/000053.jpg,common-cuckoo
common-cuckoo/000054.jpg,common-cuckoo
common-cuckoo/000055.jpg,common-cuckoo
common-cuckoo/000056.jpg,common-cuckoo
common-cuckoo/000057.jpg,common-cuckoo
common-cuckoo/000058.jpg,common-cuckoo
common-cuckoo/000059.jpg,common-cuckoo
common-cuckoo/000060.jpg,common-cuckoo
common-cuckoo/000061.jpg,common-cuckoo
common-cuckoo/000062.jpg,common-cuckoo
common-cuckoo/000063.jpg,common-cuckoo
common-cuckoo/000064.jpg,common-cuckoo
common-cuckoo/000065.jpg,common-cuckoo
common-cuckoo/000066.jpg,common-cuckoo
common-cuckoo/000067.jpg,common-cuckoo
common-cuckoo/000068.jpg,common-cuckoo
common-cuckoo/000069.jpg,common-cuckoo
common-cuckoo/000070.jpg,common-cuckoo
common-cuckoo/000071.jpg,common-cuckoo
common-cuckoo/000072.jpg,common-cuckoo
common-cuckoo/000073.jpg,common-cuckoo
common-cuckoo/000074.jpg,common-cuckoo
common-cuckoo/000075.jpg,common-cuckoo
common-cuckoo/000077.jpg,common-cuckoo
common-cuckoo/000078.jpg,common-cuckoo
common-cuckoo/000079.jpg,common-cuckoo
common-cuckoo/000080.jpg,common-cuckoo
common-cuckoo/000082.jpg,common-cuckoo
common-cuckoo/000083.jpg,common-cuckoo
common-cuckoo/000084.jpg,common-cuckoo
common-cuckoo/000085.jpg,common-cuckoo
common-cuckoo/000086.jpg,common-cuckoo
common-cuckoo/000087.jpg,common-cuckoo
common-cuckoo/000088.jpg,common-cuckoo
common-cuckoo/000089.jpg,common-cuckoo
common-cuckoo/000090.jpg,common-cuckoo
common-cuckoo/000091.jpg,common-cuckoo
common-cuckoo/000092.jpg,common-cuckoo
common-cuckoo/000093.jpg,common-cuckoo
common-cuckoo/000095.jpg,common-cuckoo
common-cuckoo/000097.jpg,common-cuckoo
common-cuckoo/000098.jpg,common-cuckoo
common-cuckoo/000099.jpg,common-cuckoo
common-cuckoo/000100.jpg,common-cuckoo
common-cuckoo/000101.jpg,common-cuckoo
common-cuckoo/000102.jpg,common-cuckoo
common-cuckoo/000103.jpg,common-cuckoo
common-cuckoo/000104.jpg,common-cuckoo
common-cuckoo/000105.jpg,common-cuckoo
common-cuckoo/000106.jpg,common-cuckoo
common-cuckoo/000107.jpg,common-cuckoo
common-cuckoo/000109.jpg,common-cuckoo
common-cuckoo/000110.jpg,common-cuckoo
common-cuckoo/000111.jpg,common-cuckoo
common-cuckoo/000112.jpg,common-cuckoo
common-cuckoo/000113.jpg,common-cuckoo
common-cuckoo/000114.jpg,common-cuckoo
common-cuckoo/000115.jpg,common-cuckoo
common-cuckoo/000116.jpg,common-cuckoo
common-cuckoo/000118.jpg,common-cuckoo
common-cuckoo/000119.jpg,common-cuckoo
common-cuckoo/000120.jpg,common-cuckoo
common-cuckoo/000121.jpg,common-cuckoo
common-cuckoo/000122.jpg,common-cuckoo
common-cuckoo/000123.jpg,common-cuckoo
common-cuckoo/000124.jpg,common-cuckoo
common-cuckoo/000125.jpg,common-cuckoo
common-cuckoo/000126.jpg,common-cuckoo
common-cuckoo/000127.jpg,common-cuckoo
common-cuckoo/000128.jpg,common-cuckoo
common-cuckoo/000129.jpg,common-cuckoo
common-cuckoo/000130.jpg,common-cuckoo
common-cuckoo/000132.jpg,common-cuckoo
common-cuckoo/000133.jpg,common-cuckoo
common-cuckoo/000134.jpg,common-cuckoo
common-cuckoo/000135.jpg,common-cuckoo
common-cuckoo/000137.jpg,common-cuckoo
common-cuckoo/000138.jpg,common-cuckoo
common-cuckoo/000139.jpg,common-cuckoo
common-cuckoo/000140.jpg,common-cuckoo
common-cuckoo/000141.jpg,common-cuckoo
common-cuckoo/000142.jpg,common-cuckoo
common-cuckoo/000143.jpg,common-cuckoo
common-cuckoo/000144.jpg,common-cuckoo
common-cuckoo/000145.jpg,common-cuckoo
common-cuckoo/000146.jpg,common-cuckoo
common-cuckoo/000147.jpg,common-cuckoo
common-cuckoo/000148.jpg,common-cuckoo
common-cuckoo/000149.jpg,common-cuckoo
common-cuckoo/000150.jpg,common-cuckoo
common-cuckoo/000151.jpg,common-cuckoo
common-cuckoo/000152.jpg,common-cuckoo
common-cuckoo/000153.jpg,common-cuckoo
common-cuckoo/000154.jpg,common-cuckoo
common-cuckoo/000155.jpg,common-cuckoo
common-cuckoo/000156.jpg,common-cuckoo
common-cuckoo/000157.jpg,common-cuckoo
common-cuckoo/000158.jpg,common-cuckoo
common-cuckoo/000159.jpg,common-cuckoo
common-cuckoo/000160.jpg,common-cuckoo
common-cuckoo/000161.jpg,common-cuckoo
common-cuckoo/000162.jpg,common-cuckoo
common-cuckoo/000163.jpg,common-cuckoo
common-cuckoo/000164.jpg,common-cuckoo
common-cuckoo/000166.jpg,common-cuckoo
common-cuckoo/000167.jpg,common-cuckoo
common-cuckoo/000169.jpg,common-cuckoo
common-cuckoo/000170.jpg,common-cuckoo
common-cuckoo/000171.jpg,common-cuckoo
common-cuckoo/000172.jpg,common-cuckoo
common-cuckoo/000173.jpg,common-cuckoo
common-cuckoo/000174.jpg,common-cuckoo
common-cuckoo/000176.jpg,common-cuckoo
common-cuckoo/000177.jpg,common-cuckoo
common-cuckoo/000178.jpg,common-cuckoo
common-cuckoo/000179.jpg,common-cuckoo
common-cuckoo/000180.jpg,common-cuckoo
common-cuckoo/000181.jpg,common-cuckoo
common-cuckoo/000182.jpg,common-cuckoo
common-cuckoo/000183.jpg,common-cuckoo
common-cuckoo/000184.jpg,common-cuckoo
common-cuckoo/000185.jpg,common-cuckoo
common-cuckoo/000186.jpg,common-cuckoo
common-cuckoo/000187.jpg,common-cuckoo
common-cuckoo/000188.jpg,common-cuckoo
common-cuckoo/000189.jpg,common-cuckoo
common-cuckoo/000190.jpg,common-cuckoo
common-cuckoo/000193.jpg,common-cuckoo
common-cuckoo/000194.jpg,common-cuckoo
common-cuckoo/000196.jpg,common-cuckoo
common-cuckoo/000197.jpg,common-cuckoo
common-cuckoo/000198.jpg,common-cuckoo
common-cuckoo/000199.jpg,common-cuckoo
common-cuckoo/000200.jpg,common-cuckoo
common-cuckoo/000201.jpg,common-cuckoo
common-cuckoo/000203.jpg,common-cuckoo
common-cuckoo/000204.jpg,common-cuckoo
common-cuckoo/000205.jpg,common-cuckoo
common-cuckoo/000206.jpg,common-cuckoo
common-cuckoo/000207.jpg,common-cuckoo
common-cuckoo/000208.jpg,common-cuckoo
common-cuckoo/000209.jpg,common-cuckoo
common-cuckoo/000210.jpg,common-cuckoo
common-cuckoo/000211.jpg,common-cuckoo
common-cuckoo/000212.jpg,common-cuckoo
common-cuckoo/000213.jpg,common-cuckoo
common-cuckoo/000214.jpg,common-cuckoo
sparrowhawk/000001.jpg,sparrowhawk
sparrowhawk/000002.jpg,sparrowhawk
sparrowhawk/000003.jpg,sparrowhawk
sparrowhawk/000004.jpg,sparrowhawk
sparrowhawk/000005.jpg,sparrowhawk
sparrowhawk/000006.jpg,sparrowhawk
sparrowhawk/000007.jpg,sparrowhawk
sparrowhawk/000008.jpg,sparrowhawk
sparrowhawk/000009.jpg,sparrowhawk
sparrowhawk/000010.jpg,sparrowhawk
sparrowhawk/000011.jpg,sparrowhawk
sparrowhawk/000012.jpg,sparrowhawk
sparrowhawk/000013.jpg,sparrowhawk
sparrowhawk/000014.jpg,sparrowhawk
sparrowhawk/000015.jpg,sparrowhawk
sparrowhawk/000016.jpg,sparrowhawk
sparrowhawk/000017.jpg,sparrowhawk
sparrowhawk/000018.jpg,sparrowhawk
sparrowhawk/000019.jpg,sparrowhawk
sparrowhawk/000020.jpg,sparrowhawk
sparrowhawk/000021.jpg,sparrowhawk
sparrowhawk/000022.jpg,sparrowhawk
sparrowhawk/000023.jpg,sparrowhawk
sparrowhawk/000024.jpg,sparrowhawk
sparrowhawk/000025.jpg,sparrowhawk
sparrowhawk/000026.jpg,sparrowhawk
sparrowhawk/000027.jpg,sparrowhawk
sparrowhawk/000028.jpg,sparrowhawk
sparrowhawk/000029.jpg,sparrowhawk
sparrowhawk/000030.jpg,sparrowhawk
sparrowhawk/000031.jpg,sparrowhawk
sparrowhawk/000032.jpg,sparrowhawk
sparrowhawk/000033.jpg,sparrowhawk
sparrowhawk/000034.jpg,sparrowhawk
sparrowhawk/000035.jpg,sparrowhawk
sparrowhawk/000036.jpg,sparrowhawk
sparrowhawk/000037.jpg,sparrowhawk
sparrowhawk/000038.jpg,sparrowhawk
sparrowhawk/000039.jpg,sparrowhawk
sparrowhawk/000040.jpg,sparrowhawk
sparrowhawk/000041.jpg,sparrowhawk
sparrowhawk/000042.jpg,sparrowhawk
sparrowhawk/000043.jpg,sparrowhawk
sparrowhawk/000044.jpg,sparrowhawk
sparrowhawk/000045.jpg,sparrowhawk
sparrowhawk/000046.jpg,sparrowhawk
sparrowhawk/000047.jpg,sparrowhawk
sparrowhawk/000048.jpg,sparrowhawk
sparrowhawk/000049.jpg,sparrowhawk
sparrowhawk/000050.jpg,sparrowhawk
sparrowhawk/000051.jpg,sparrowhawk
sparrowhawk/000052.jpg,sparrowhawk
sparrowhawk/000053.jpg,sparrowhawk
sparrowhawk/000056.jpg,sparrowhawk
sparrowhawk/000057.jpg,sparrowhawk
sparrowhawk/000058.jpg,sparrowhawk
sparrowhawk/000059.jpg,sparrowhawk
sparrowhawk/000060.jpg,sparrowhawk
sparrowhawk/000061.jpg,sparrowhawk
sparrowhawk/000062.jpg,sparrowhawk
sparrowhawk/000063.jpg,sparrowhawk
sparrowhawk/000065.jpg,sparrowhawk
sparrowhawk/000066.jpg,sparrowhawk
sparrowhawk/000067.jpg,sparrowhawk
sparrowhawk/000068.jpg,sparrowhawk
sparrowhawk/000069.jpg,sparrowhawk
sparrowhawk/000071.jpg,sparrowhawk
sparrowhawk/000072.jpg,sparrowhawk
sparrowhawk/000073.jpg,sparrowhawk
sparrowhawk/000074.jpg,sparrowhawk
sparrowhawk/000075.jpg,sparrowhawk
sparrowhawk/000076.jpg,sparrowhawk
sparrowhawk/000077.jpg,sparrowhawk
sparrowhawk/000078.jpg,sparrowhawk
sparrowhawk/000079.jpg,sparrowhawk
sparrowhawk/000080.jpg,sparrowhawk
sparrowhawk/000081.jpg,sparrowhawk
sparrowhawk/000082.jpg,sparrowhawk
sparrowhawk/000083.jpg,sparrowhawk
sparrowhawk/000084.jpg,sparrowhawk
sparrowhawk/000085.jpg,sparrowhawk
sparrowhawk/000086.jpg,sparrowhawk
sparrowhawk/000087.jpg,sparrowhawk
sparrowhawk/000088.jpg,sparrowhawk
sparrowhawk/000089.jpg,sparrowhawk
sparrowhawk/000090.jpg,sparrowhawk
sparrowhawk/000091.jpg,sparrowhawk
sparrowhawk/000092.jpg,sparrowhawk
sparrowhawk/000093.jpg,sparrowhawk
sparrowhawk/000094.jpg,sparrowhawk
sparrowhawk/000095.jpg,sparrowhawk
sparrowhawk/000096.jpg,sparrowhawk
sparrowhawk/000097.jpg,sparrowhawk
sparrowhawk/000098.jpg,sparrowhawk
sparrowhawk/000099.jpg,sparrowhawk
sparrowhawk/000100.jpg,sparrowhawk
sparrowhawk/000101.jpg,sparrowhawk
sparrowhawk/000103.jpg,sparrowhawk
sparrowhawk/000104.jpg,sparrowhawk
sparrowhawk/000105.jpg,sparrowhawk
sparrowhawk/000106.jpg,sparrowhawk
sparrowhawk/000107.jpg,sparrowhawk
sparrowhawk/000108.jpg,sparrowhawk
sparrowhawk/000109.jpg,sparrowhawk
sparrowhawk/000110.jpg,sparrowhawk
sparrowhawk/000111.jpg,sparrowhawk
sparrowhawk/000112.jpg,sparrowhawk
sparrowhawk/000113.jpg,sparrowhawk
sparrowhawk/000114.jpg,sparrowhawk
sparrowhawk/000115.jpg,sparrowhawk
sparrowhawk/000116.jpg,sparrowhawk
sparrowhawk/000117.jpg,sparrowhawk
sparrowhawk/000118.jpg,sparrowhawk
sparrowhawk/000119.jpg,sparrowhawk
sparrowhawk/000120.jpg,sparrowhawk
sparrowhawk/000121.jpg,sparrowhawk
sparrowhawk/000122.jpg,sparrowhawk
sparrowhawk/000123.jpg,sparrowhawk
sparrowhawk/000124.jpg,sparrowhawk
sparrowhawk/000125.jpg,sparrowhawk
sparrowhawk/000126.jpg,sparrowhawk
sparrowhawk/000127.jpg,sparrowhawk
sparrowhawk/000128.jpg,sparrowhawk
sparrowhawk/000129.jpg,sparrowhawk
sparrowhawk/000130.jpg,sparrowhawk
sparrowhawk/000131.jpg,sparrowhawk
sparrowhawk/000132.jpg,sparrowhawk
sparrowhawk/000133.jpg,sparrowhawk
sparrowhawk/000134.jpg,sparrowhawk
sparrowhawk/000135.jpg,sparrowhawk
sparrowhawk/000136.jpg,sparrowhawk
sparrowhawk/000137.jpg,sparrowhawk
sparrowhawk/000138.jpg,sparrowhawk
sparrowhawk/000139.jpg,sparrowhawk
sparrowhawk/000140.jpg,sparrowhawk
sparrowhawk/000141.jpg,sparrowhawk
sparrowhawk/000142.jpg,sparrowhawk
sparrowhawk/000143.jpg,sparrowhawk
sparrowhawk/000144.jpg,sparrowhawk
sparrowhawk/000145.jpg,sparrowhawk
sparrowhawk/000146.jpg,sparrowhawk
sparrowhawk/000147.jpg,sparrowhawk
sparrowhawk/000149.jpg,sparrowhawk
sparrowhawk/000151.jpg,sparrowhawk
sparrowhawk/000152.jpg,sparrowhawk
sparrowhawk/000153.jpg,sparrowhawk
sparrowhawk/000154.jpg,sparrowhawk
sparrowhawk/000155.jpg,sparrowhawk
sparrowhawk/000156.jpg,sparrowhawk
sparrowhawk/000157.jpg,sparrowhawk
sparrowhawk/000158.jpg,sparrowhawk
sparrowhawk/000159.jpg,sparrowhawk
sparrowhawk/000160.jpg,sparrowhawk
sparrowhawk/000161.jpg,sparrowhawk
sparrowhawk/000162.jpg,sparrowhawk
sparrowhawk/000163.jpg,sparrowhawk
sparrowhawk/000165.jpg,sparrowhawk
sparrowhawk/000166.jpg,sparrowhawk
sparrowhawk/000167.jpg,sparrowhawk
sparrowhawk/000168.jpg,sparrowhawk
sparrowhawk/000169.jpg,sparrowhawk
sparrowhawk/000170.jpg,sparrowhawk
sparrowhawk/000171.jpg,sparrowhawk
sparrowhawk/000172.jpg,sparrowhawk
sparrowhawk/000173.jpg,sparrowhawk
sparrowhawk/000174.jpg,sparrowhawk
sparrowhawk/000175.jpg,sparrowhawk
sparrowhawk/000176.jpg,sparrowhawk
sparrowhawk/000177.jpg,sparrowhawk
sparrowhawk/000178.jpg,sparrowhawk
sparrowhawk/000179.jpg,sparrowhawk
sparrowhawk/000180.jpg,sparrowhawk
sparrowhawk/000181.jpg,sparrowhawk
sparrowhawk/000182.jpg,sparrowhawk
sparrowhawk/000183.jpg,sparrowhawk
sparrowhawk/000184.jpg,sparrowhawk
sparrowhawk/000185.jpg,sparrowhawk
sparrowhawk/000186.jpg,sparrowhawk
sparrowhawk/000187.jpg,sparrowhawk
sparrowhawk/000188.jpg,sparrowhawk
sparrowhawk/000189.jpg,sparrowhawk
sparrowhawk/000190.jpg,sparrowhawk
sparrowhawk/000191.jpg,sparrowhawk
sparrowhawk/000192.jpg,sparrowhawk
sparrowhawk/000193.jpg,sparrowhawk
sparrowhawk/000194.jpg,sparrowhawk
sparrowhawk/000195.jpg,sparrowhawk
sparrowhawk/000196.jpg,sparrowhawk
sparrowhawk/000197.jpg,sparrowhawk
sparrowhawk/000198.jpg,sparrowhawk
sparrowhawk/000199.jpg,sparrowhawk
sparrowhawk/000200.jpg,sparrowhawk
sparrowhawk/000201.jpg,sparrowhawk
sparrowhawk/000202.jpg,sparrowhawk
sparrowhawk/000203.jpg,sparrowhawk
sparrowhawk/000205.jpg,sparrowhawk
sparrowhawk/000206.jpg,sparrowhawk
sparrowhawk/000207.jpg,sparrowhawk
sparrowhawk/000208.jpg,sparrowhawk
sparrowhawk/000209.jpg,sparrowhawk
sparrowhawk/000210.jpg,sparrowhawk
sparrowhawk/000211.jpg,sparrowhawk
sparrowhawk/000212.jpg,sparrowhawk
sparrowhawk/000213.jpg,sparrowhawk
